"44";"8";"73";”0”;"0";"0";"0";"Dell Wyse Dell Wyse Z90SW Thin Client - G-T52R 1.5 GHz - Monitor : none. 

(909680-51L)";"It's fast. At the heart of the Wyse Z90 lies an engine, where all the major system elements - 

CPU cores, vector engines, and a unified video decoder for HD decoding tasks - live on the same piece of 

silicon. This design concept eliminates one of the fundamental constraints that limit performance. Whether 

you want the best 2D or 3D graphics, HD video, or the ability to embed custom Windows applications that 

execute right on the Z90, you'll have power to spare.";"http://www.dpbolvw.net/click-2033446-10549103?

url=http%3A%2F%2Flt.dell.com%2Flt%2Flt.aspx%3FACD%3D%25za-%25zp-%25zs%26CID%3D7421%26LID%3

D197378%26DGC%3DBF%26DGSeg%3DBSD%26DGSite%3DBF%26DURL%3Dhttp%3A%2F%2Faccessories.us.

dell.com%2Fsna%2Fproductdetail.aspx%3Fc%3Dus%2526l%3Den%2526s%3Dbsd%2526cs%3D04%2526sku%

3DA5835482&cjsku=A5835482";"https://dr30wky7ya0nu.cloudfront.net/

69c412a1be901ce544d978bcfa9c9d94.jpg";”2013-10-30 20:00:00”;” 2013-10-01 

20:00:00”;"529.00";"0.00";”This is a meta description that google catches with its robots”;”Deal, dell, free, 

monitor, great stuff, another keyword”;”this is the title shown by google search engine”;"A5835482";"Dell 

Wyse";"909680";”AAABBBCCC010101”;
"44";"8";"73";”0”;"0";"0";"0";"Dell Wyse Dell Wyse Z90SW Thin Client - G-T52R 1.5 GHz - Monitor : none. 

(909680-51L)";"It's fast. At the heart of the Wyse Z90 lies an engine, where all the major system elements - 

CPU cores, vector engines, and a unified video decoder for HD decoding tasks - live on the same piece of 

silicon. This design concept eliminates one of the fundamental constraints that limit performance. Whether 

you want the best 2D or 3D graphics, HD video, or the ability to embed custom Windows applications that 

execute right on the Z90, you'll have power to spare.";"http://www.dpbolvw.net/click-2033446-10549103?

url=http%3A%2F%2Flt.dell.com%2Flt%2Flt.aspx%3FACD%3D%25za-%25zp-%25zs%26CID%3D7421%26LID%3

D197378%26DGC%3DBF%26DGSeg%3DBSD%26DGSite%3DBF%26DURL%3Dhttp%3A%2F%2Faccessories.us.

dell.com%2Fsna%2Fproductdetail.aspx%3Fc%3Dus%2526l%3Den%2526s%3Dbsd%2526cs%3D04%2526sku%

3DA5835482&cjsku=A5835482";"https://dr30wky7ya0nu.cloudfront.net/

69c412a1be901ce544d978bcfa9c9d94.jpg";”2013-10-30 20:00:00”;” 2013-10-01 

20:00:00”;"529.00";"0.00";”This is a meta description that google catches with its robots”;”Deal, dell, free, 

monitor, great stuff, another keyword”;”this is the title shown by google search engine”;"A5835482";"Dell 

Wyse";"909680";”AAABBBCCC010101”;
